customer_id,invoice_number,date_of_transaction,invoice_value
100,1,11/6/2025,7.37767479154014
100,2,2/3/2025,7.905606977937034
100,3,6/4/2025,4.5620531199938466
100,4,2/16/2025,0.9204763477189215
101,5,10/18/2025,8.166381846899709
101,6,9/16/2025,6.110546872142951
101,7,6/20/2025,2.8268606936911986
101,8,4/14/2025,9.750105488870597
101,9,10/1/2025,0.5655691433557319
102,10,7/30/2025,7.905606977937034
103,11,1/29/2025,2.8268606936911986
103,12,12/2/2025,4.261427782362713
104,13,2/23/2025,8.166381846899709
104,14,5/11/2025,9.750105488870597
104,15,11/26/2025,8.166381846899709
104,16,9/7/2025,9.750105488870597
105,17,5/27/2025,1.2788575598439367
105,18,3/18/2025,8.166381846899709
105,19,4/30/2025,7.37767479154014
106,20,9/8/2025,6.110546872142951
106,21,10/29/2025,6.110546872142951
106,22,6/4/2025,2.8268606936911986
107,23,1/5/2025,4.5620531199938466
108,24,7/19/2025,9.750105488870597
109,25,4/30/2025,7.585610443496533
109,26,4/23/2025,1.2788575598439367
109,27,10/18/2025,7.585610443496533
109,28,5/12/2025,0.9204763477189215
110,29,7/21/2025,9.750105488870597
110,30,8/27/2025,2.8268606936911986
111,31,7/17/2025,2.8268606936911986
111,32,3/17/2025,7.585610443496533
112,33,6/30/2025,7.37767479154014
112,34,1/19/2025,2.8268606936911986
112,35,1/4/2025,4.5620531199938466
112,36,8/2/2025,6.110546872142951
112,37,7/3/2025,8.166381846899709
113,38,12/7/2025,7.37767479154014
113,39,11/5/2025,4.261427782362713
113,40,12/28/2025,6.110546872142951
113,41,7/24/2025,1.527849875996743
113,42,11/6/2025,0.9204763477189215
114,43,12/5/2025,1.2788575598439367
114,44,1/30/2025,4.5620531199938466
114,45,1/8/2025,8.166381846899709
114,46,12/6/2025,9.750105488870597
115,47,7/9/2025,1.527849875996743
115,48,5/8/2025,8.166381846899709
116,49,9/27/2025,6.121934208744397
116,50,12/27/2025,7.905606977937034
116,51,5/22/2025,6.110546872142951
116,52,3/4/2025,7.585610443496533
117,53,11/28/2025,6.121934208744397
117,54,7/26/2025,0.5655691433557319
117,55,6/25/2025,0.9204763477189215
117,56,9/15/2025,0.5655691433557319
118,57,11/10/2025,0.5655691433557319
118,58,1/22/2025,4.261427782362713
118,59,7/19/2025,6.110546872142951
119,60,1/31/2025,2.8268606936911986
119,61,11/28/2025,7.905606977937034
120,62,6/24/2025,6.121934208744397
120,63,4/4/2025,6.110546872142951
120,64,9/4/2025,1.527849875996743
120,65,10/17/2025,4.13496152200773
121,66,4/11/2025,9.750105488870597
121,67,5/7/2025,2.8268606936911986
121,68,11/20/2025,7.37767479154014
121,69,12/11/2025,7.585610443496533
122,70,11/8/2025,9.750105488870597
122,71,4/5/2025,6.110546872142951
123,72,10/29/2025,1.527849875996743
123,73,7/3/2025,1.527849875996743
123,74,7/2/2025,6.110546872142951
123,75,6/16/2025,8.166381846899709
124,76,11/17/2025,9.750105488870597
124,77,5/23/2025,8.166381846899709
124,78,12/19/2025,4.261427782362713
124,79,1/14/2025,4.5620531199938466
124,80,9/6/2025,7.585610443496533
125,81,9/9/2025,6.110546872142951
126,82,5/21/2025,7.37767479154014
126,83,6/11/2025,0.5655691433557319
126,84,7/2/2025,4.261427782362713
127,85,1/7/2025,6.121934208744397
127,86,1/6/2025,4.261427782362713
127,87,1/8/2025,4.13496152200773
127,88,12/30/2025,6.110546872142951
127,89,11/28/2025,6.121934208744397
128,90,3/26/2025,6.121934208744397
128,91,3/29/2025,4.13496152200773
129,92,12/31/2025,6.110546872142951
130,93,6/28/2025,6.121934208744397
130,94,4/27/2025,0.5655691433557319
130,95,6/12/2025,9.750105488870597
130,96,7/26/2025,4.5620531199938466
130,97,8/22/2025,4.13496152200773
131,98,11/6/2025,1.527849875996743
132,99,4/26/2025,6.121934208744397
132,100,9/17/2025,9.750105488870597
132,101,7/27/2025,9.750105488870597
132,102,9/23/2025,4.13496152200773
133,103,7/3/2025,8.166381846899709
133,104,1/19/2025,4.261427782362713
133,105,10/1/2025,7.905606977937034
133,106,8/26/2025,0.9204763477189215
134,107,8/27/2025,0.5655691433557319
134,108,4/13/2025,7.37767479154014
134,109,4/6/2025,2.8268606936911986
135,110,4/24/2025,1.2788575598439367
135,111,12/20/2025,1.527849875996743
136,112,1/16/2025,8.166381846899709
136,113,2/23/2025,6.121934208744397
137,114,1/8/2025,0.5655691433557319
137,115,7/13/2025,4.261427782362713
137,116,5/7/2025,7.585610443496533
137,117,2/8/2025,4.261427782362713
138,118,9/30/2025,7.905606977937034
138,119,5/20/2025,4.5620531199938466
139,120,6/16/2025,8.166381846899709
139,121,6/7/2025,4.13496152200773
139,122,8/15/2025,1.527849875996743
139,123,7/7/2025,2.8268606936911986
140,124,1/3/2025,9.750105488870597
140,125,4/23/2025,4.261427782362713
141,126,11/14/2025,4.5620531199938466
141,127,10/7/2025,7.585610443496533
142,128,11/20/2025,7.905606977937034
142,129,9/8/2025,1.527849875996743
142,130,1/10/2025,4.5620531199938466
142,131,12/24/2025,4.13496152200773
143,132,10/6/2025,9.750105488870597
143,133,10/8/2025,9.750105488870597
143,134,4/30/2025,0.9204763477189215
143,135,4/25/2025,4.13496152200773
144,136,6/16/2025,4.5620531199938466
144,137,5/21/2025,1.527849875996743
144,138,1/10/2025,7.905606977937034
145,139,10/4/2025,9.750105488870597
146,140,11/2/2025,4.5620531199938466
147,141,4/26/2025,4.13496152200773
147,142,6/14/2025,4.13496152200773
148,143,7/30/2025,9.750105488870597
148,144,7/26/2025,6.121934208744397
148,145,4/6/2025,4.261427782362713
148,146,1/27/2025,2.8268606936911986
149,147,4/22/2025,8.166381846899709
150,148,7/8/2025,6.110546872142951
150,149,11/30/2025,0.5655691433557319
150,150,11/2/2025,4.13496152200773
150,151,7/27/2025,2.8268606936911986
150,152,5/6/2025,1.527849875996743
151,153,2/17/2025,0.5655691433557319
151,154,9/30/2025,1.527849875996743
151,155,9/24/2025,4.261427782362713
151,156,1/7/2025,2.8268606936911986
152,157,8/31/2025,8.166381846899709
152,158,2/16/2025,6.121934208744397
153,159,8/24/2025,7.905606977937034
154,160,11/21/2025,0.5655691433557319
155,161,4/8/2025,2.8268606936911986
155,162,5/13/2025,1.527849875996743
155,163,2/2/2025,1.2788575598439367
156,164,7/4/2025,4.13496152200773
156,165,10/14/2025,0.5655691433557319
156,166,10/4/2025,9.750105488870597
157,167,7/9/2025,6.121934208744397
157,168,11/4/2025,4.13496152200773
158,169,8/16/2025,4.5620531199938466
158,170,1/1/2025,1.2788575598439367
158,171,10/9/2025,4.261427782362713
158,172,11/20/2025,0.9204763477189215
159,173,10/6/2025,6.110546872142951
159,174,3/12/2025,4.13496152200773
159,175,4/13/2025,8.166381846899709
159,176,12/29/2025,7.905606977937034
160,177,8/15/2025,8.166381846899709
160,178,10/23/2025,4.261427782362713
160,179,7/5/2025,4.5620531199938466
160,180,10/24/2025,4.261427782362713
160,181,2/5/2025,7.37767479154014
161,182,1/26/2025,7.905606977937034
162,183,1/11/2025,4.261427782362713
162,184,9/26/2025,0.5655691433557319
163,185,12/18/2025,7.905606977937034
164,186,3/2/2025,2.8268606936911986
164,187,8/24/2025,4.5620531199938466
164,188,5/7/2025,4.261427782362713
165,189,8/9/2025,2.8268606936911986
165,190,1/15/2025,4.13496152200773
165,191,9/29/2025,4.13496152200773
166,192,3/20/2025,2.8268606936911986
166,193,2/27/2025,0.9204763477189215
166,194,9/28/2025,0.5655691433557319
167,195,8/24/2025,6.121934208744397
167,196,2/20/2025,4.5620531199938466
168,197,4/28/2025,7.585610443496533
168,198,6/24/2025,0.5655691433557319
168,199,4/12/2025,0.9204763477189215
168,200,11/16/2025,6.110546872142951
169,201,4/22/2025,2.8268606936911986
169,202,12/24/2025,2.8268606936911986
169,203,10/6/2025,9.750105488870597
169,204,8/22/2025,4.261427782362713
170,205,9/14/2025,0.9204763477189215
170,206,10/27/2025,4.261427782362713
170,207,4/3/2025,7.585610443496533
171,208,7/4/2025,4.13496152200773
171,209,4/12/2025,7.905606977937034
171,210,5/20/2025,8.166381846899709
171,211,11/6/2025,4.13496152200773
171,212,12/31/2025,0.5655691433557319
172,213,10/19/2025,0.5655691433557319
172,214,3/23/2025,8.166381846899709
172,215,8/29/2025,0.5655691433557319
172,216,10/15/2025,6.121934208744397
173,217,1/17/2025,8.166381846899709
173,218,5/16/2025,4.5620531199938466
173,219,1/22/2025,7.37767479154014
173,220,10/9/2025,6.121934208744397
174,221,9/27/2025,7.37767479154014
175,222,4/15/2025,4.5620531199938466
175,223,8/8/2025,0.9204763477189215
175,224,2/11/2025,1.2788575598439367
176,225,12/31/2025,4.261427782362713
176,226,6/30/2025,6.110546872142951
176,227,4/9/2025,9.750105488870597
176,228,6/27/2025,7.905606977937034
176,229,12/21/2025,1.2788575598439367
177,230,6/25/2025,6.110546872142951
177,231,8/4/2025,4.261427782362713
178,232,1/20/2025,4.261427782362713
178,233,11/14/2025,4.5620531199938466
178,234,1/18/2025,2.8268606936911986
178,235,11/28/2025,0.5655691433557319
179,236,1/24/2025,9.750105488870597
180,237,10/15/2025,4.5620531199938466
180,238,3/10/2025,0.5655691433557319
180,239,7/16/2025,2.8268606936911986
180,240,6/1/2025,7.37767479154014
181,241,10/29/2025,1.2788575598439367
182,242,12/15/2025,6.121934208744397
182,243,3/9/2025,4.261427782362713
182,244,8/17/2025,4.5620531199938466
182,245,4/19/2025,0.9204763477189215
183,246,8/20/2025,8.166381846899709
184,247,1/9/2025,1.527849875996743
184,248,1/8/2025,9.750105488870597
184,249,7/10/2025,4.13496152200773
185,250,8/6/2025,6.110546872142951
185,251,12/23/2025,7.37767479154014
185,252,1/20/2025,7.905606977937034
185,253,4/19/2025,4.13496152200773
186,254,10/19/2025,6.121934208744397
186,255,2/8/2025,4.5620531199938466
186,256,1/4/2025,8.166381846899709
187,257,10/29/2025,0.5655691433557319
187,258,5/11/2025,4.13496152200773
188,259,10/23/2025,7.905606977937034
188,260,3/22/2025,4.261427782362713
189,261,9/21/2025,7.37767479154014
189,262,2/11/2025,2.8268606936911986
190,263,10/23/2025,4.13496152200773
190,264,1/8/2025,4.13496152200773
191,265,8/4/2025,1.527849875996743
191,266,2/27/2025,1.527849875996743
191,267,3/2/2025,7.585610443496533
191,268,3/9/2025,1.527849875996743
192,269,4/24/2025,7.585610443496533
192,270,6/24/2025,7.905606977937034
192,271,8/10/2025,4.13496152200773
192,272,6/3/2025,1.527849875996743
193,273,11/6/2025,7.585610443496533
193,274,9/15/2025,7.905606977937034
193,275,2/15/2025,7.37767479154014
194,276,11/6/2025,8.166381846899709
195,277,9/2/2025,1.2788575598439367
195,278,10/22/2025,7.905606977937034
195,279,9/13/2025,7.585610443496533
195,280,12/15/2025,6.110546872142951
195,281,11/13/2025,0.9204763477189215
196,282,5/18/2025,2.8268606936911986
196,283,10/21/2025,2.8268606936911986
196,284,12/24/2025,1.2788575598439367
196,285,5/17/2025,9.750105488870597
197,286,12/16/2025,1.527849875996743
197,287,4/3/2025,4.5620531199938466
198,288,10/25/2025,1.527849875996743
198,289,3/29/2025,4.5620531199938466
198,290,1/19/2025,6.110546872142951
198,291,1/26/2025,4.5620531199938466
198,292,7/8/2025,7.37767479154014
199,293,3/9/2025,6.121934208744397
200,294,1/12/2025,7.905606977937034
200,295,3/22/2025,4.261427782362713
201,296,6/25/2025,4.13496152200773
202,297,1/20/2025,0.5655691433557319
202,298,1/22/2025,7.37767479154014
202,299,6/30/2025,8.166381846899709
202,300,5/10/2025,4.13496152200773
203,301,10/29/2025,4.5620531199938466
203,302,6/9/2025,0.5655691433557319
203,303,12/1/2025,0.5655691433557319
203,304,1/27/2025,4.5620531199938466
203,305,7/9/2025,6.121934208744397
204,306,5/17/2025,0.5655691433557319
205,307,8/14/2025,4.261427782362713
205,308,7/9/2025,0.9204763477189215
205,309,5/17/2025,2.8268606936911986
205,310,1/15/2025,7.905606977937034
206,311,7/23/2025,4.261427782362713
206,312,11/10/2025,8.166381846899709
207,313,7/26/2025,4.13496152200773
207,314,2/3/2025,7.37767479154014
208,315,11/24/2025,0.9204763477189215
208,316,8/4/2025,1.2788575598439367
208,317,10/31/2025,0.5655691433557319
208,318,3/5/2025,7.585610443496533
208,319,11/25/2025,4.13496152200773
209,320,8/20/2025,4.5620531199938466
209,321,3/11/2025,7.37767479154014
209,322,9/15/2025,7.585610443496533
209,323,4/3/2025,4.5620531199938466
210,324,12/18/2025,8.166381846899709
210,325,3/18/2025,0.5655691433557319
210,326,2/7/2025,9.750105488870597
211,327,2/1/2025,4.261427782362713
211,328,12/20/2025,7.905606977937034
211,329,3/7/2025,7.905606977937034
211,330,6/10/2025,1.2788575598439367
212,331,4/25/2025,7.37767479154014
212,332,1/16/2025,7.905606977937034
213,333,12/1/2025,4.261427782362713
213,334,7/12/2025,1.527849875996743
213,335,10/6/2025,1.2788575598439367
213,336,9/27/2025,8.166381846899709
214,337,4/24/2025,4.13496152200773
214,338,4/29/2025,4.13496152200773
214,339,7/15/2025,9.750105488870597
214,340,12/25/2025,6.121934208744397
215,341,5/16/2025,4.261427782362713
215,342,5/16/2025,4.5620531199938466
215,343,12/28/2025,0.9204763477189215
216,344,8/19/2025,7.37767479154014
216,345,7/3/2025,1.2788575598439367
217,346,11/21/2025,4.261427782362713
217,347,6/26/2025,2.8268606936911986
217,348,11/1/2025,8.166381846899709
217,349,1/13/2025,7.585610443496533
217,350,6/3/2025,6.110546872142951
218,351,12/28/2025,6.110546872142951
218,352,12/26/2025,1.527849875996743
218,353,1/24/2025,6.121934208744397
218,354,11/23/2025,6.110546872142951
218,355,10/17/2025,7.37767479154014
219,356,8/23/2025,1.527849875996743
219,357,3/20/2025,7.585610443496533
219,358,8/2/2025,1.527849875996743
219,359,7/17/2025,4.261427782362713
219,360,8/31/2025,7.585610443496533
220,361,2/7/2025,6.121934208744397
220,362,8/18/2025,4.5620531199938466
221,363,4/21/2025,6.110546872142951
221,364,4/5/2025,4.5620531199938466
222,365,3/1/2025,7.585610443496533
222,366,8/22/2025,7.585610443496533
222,367,7/27/2025,4.13496152200773
222,368,1/19/2025,7.905606977937034
222,369,3/25/2025,7.585610443496533
223,370,7/12/2025,0.9204763477189215
223,371,3/19/2025,4.5620531199938466
223,372,8/23/2025,4.5620531199938466
224,373,2/25/2025,0.5655691433557319
224,374,8/8/2025,8.166381846899709
224,375,8/23/2025,7.37767479154014
224,376,4/23/2025,4.261427782362713
224,377,5/23/2025,4.13496152200773
225,378,4/19/2025,7.37767479154014
225,379,8/30/2025,6.110546872142951
226,380,3/20/2025,7.585610443496533
226,381,4/20/2025,7.37767479154014
227,382,10/24/2025,1.2788575598439367
227,383,9/9/2025,7.905606977937034
228,384,1/5/2025,9.750105488870597
228,385,8/15/2025,4.261427782362713
228,386,11/24/2025,2.8268606936911986
228,387,12/4/2025,7.37767479154014
228,388,4/26/2025,4.13496152200773
229,389,7/26/2025,7.585610443496533
230,390,10/1/2025,7.585610443496533
230,391,2/2/2025,1.2788575598439367
231,392,4/11/2025,8.166381846899709
231,393,10/26/2025,7.905606977937034
231,394,5/30/2025,6.110546872142951
231,395,11/21/2025,1.527849875996743
232,396,8/2/2025,4.261427782362713
232,397,6/12/2025,1.2788575598439367
232,398,2/23/2025,7.585610443496533
232,399,3/20/2025,7.585610443496533
232,400,12/15/2025,7.585610443496533
233,401,9/12/2025,6.121934208744397
233,402,1/12/2025,7.905606977937034
233,403,1/28/2025,1.2788575598439367
233,404,8/9/2025,1.527849875996743
233,405,7/9/2025,7.905606977937034
234,406,9/27/2025,1.2788575598439367
234,407,8/18/2025,6.121934208744397
234,408,6/30/2025,4.5620531199938466
234,409,10/22/2025,7.37767479154014
234,410,11/20/2025,4.261427782362713
235,411,11/12/2025,2.8268606936911986
236,412,10/3/2025,8.166381846899709
237,413,4/9/2025,0.9204763477189215
237,414,5/31/2025,1.2788575598439367
238,415,12/21/2025,1.527849875996743
239,416,7/21/2025,4.5620531199938466
239,417,4/14/2025,6.121934208744397
239,418,11/21/2025,8.166381846899709
239,419,3/25/2025,7.37767479154014
240,420,1/12/2025,7.905606977937034
241,421,4/27/2025,6.110546872142951
241,422,6/14/2025,4.13496152200773
241,423,2/27/2025,4.5620531199938466
241,424,12/13/2025,2.8268606936911986
242,425,5/25/2025,7.37767479154014
242,426,2/6/2025,1.527849875996743
242,427,5/15/2025,7.37767479154014
242,428,5/31/2025,7.585610443496533
243,429,10/31/2025,2.8268606936911986
243,430,11/6/2025,7.37767479154014
244,431,5/26/2025,1.2788575598439367
244,432,11/8/2025,4.13496152200773
244,433,8/31/2025,6.121934208744397
245,434,10/14/2025,2.8268606936911986
245,435,1/17/2025,0.9204763477189215
245,436,7/16/2025,7.37767479154014
245,437,6/12/2025,4.261427782362713
246,438,11/5/2025,4.13496152200773
246,439,4/28/2025,2.8268606936911986
246,440,4/27/2025,7.37767479154014
246,441,6/23/2025,2.8268606936911986
246,442,4/2/2025,4.13496152200773
247,443,8/11/2025,7.905606977937034
247,444,5/30/2025,1.2788575598439367
247,445,1/28/2025,7.585610443496533
247,446,6/10/2025,4.5620531199938466
247,447,3/31/2025,9.750105488870597
248,448,12/29/2025,9.750105488870597
248,449,3/13/2025,9.750105488870597
249,450,3/17/2025,7.37767479154014
249,451,2/25/2025,0.9204763477189215
249,452,8/25/2025,4.261427782362713
250,453,8/3/2025,7.37767479154014
250,454,4/27/2025,4.261427782362713
251,455,5/1/2025,7.37767479154014
252,456,8/23/2025,4.13496152200773
253,457,12/24/2025,4.5620531199938466
253,458,2/21/2025,7.585610443496533
253,459,5/30/2025,7.905606977937034
253,460,8/13/2025,1.527849875996743
254,461,12/1/2025,0.9204763477189215
254,462,9/10/2025,9.750105488870597
254,463,1/1/2025,0.5655691433557319
254,464,5/6/2025,4.5620531199938466
255,465,5/4/2025,1.527849875996743
255,466,1/18/2025,0.5655691433557319
255,467,10/20/2025,9.750105488870597
255,468,5/11/2025,6.121934208744397
255,469,9/2/2025,1.527849875996743
256,470,8/22/2025,7.905606977937034
256,471,10/11/2025,7.905606977937034
256,472,2/2/2025,6.121934208744397
257,473,8/19/2025,6.121934208744397
257,474,10/10/2025,7.585610443496533
257,475,4/16/2025,1.2788575598439367
257,476,10/6/2025,7.905606977937034
258,477,3/30/2025,1.527849875996743
258,478,8/28/2025,4.261427782362713
258,479,1/26/2025,6.110546872142951
258,480,5/22/2025,8.166381846899709
259,481,7/16/2025,4.261427782362713
259,482,12/29/2025,0.9204763477189215
259,483,3/24/2025,7.37767479154014
259,484,6/20/2025,4.13496152200773
259,485,10/12/2025,8.166381846899709
260,486,1/4/2025,7.37767479154014
261,487,6/12/2025,7.585610443496533
261,488,2/3/2025,7.585610443496533
261,489,7/29/2025,6.110546872142951
261,490,5/31/2025,2.8268606936911986
262,491,10/23/2025,6.110546872142951
262,492,12/1/2025,4.5620531199938466
262,493,3/20/2025,6.110546872142951
262,494,5/20/2025,0.5655691433557319
262,495,8/27/2025,8.166381846899709
263,496,8/7/2025,1.527849875996743
264,497,10/26/2025,2.8268606936911986
264,498,6/2/2025,7.585610443496533
264,499,7/12/2025,7.37767479154014
264,500,1/18/2025,0.9204763477189215
265,501,10/4/2025,6.110546872142951
265,502,2/1/2025,7.37767479154014
265,503,2/26/2025,7.905606977937034
265,504,9/1/2025,4.5620531199938466
265,505,7/16/2025,7.905606977937034
266,506,12/22/2025,7.37767479154014
266,507,5/25/2025,1.2788575598439367
267,508,5/30/2025,7.585610443496533
268,509,6/2/2025,6.110546872142951
268,510,8/12/2025,4.261427782362713
268,511,6/17/2025,0.5655691433557319
268,512,3/20/2025,6.121934208744397
269,513,10/1/2025,1.527849875996743
270,514,2/23/2025,0.9204763477189215
270,515,9/17/2025,6.121934208744397
270,516,10/9/2025,2.8268606936911986
270,517,11/26/2025,7.905606977937034
271,518,2/12/2025,9.750105488870597
272,519,6/30/2025,9.750105488870597
272,520,7/17/2025,7.37767479154014
272,521,1/9/2025,1.2788575598439367
272,522,2/28/2025,8.166381846899709
273,523,4/19/2025,0.9204763477189215
273,524,8/7/2025,1.2788575598439367
274,525,11/28/2025,9.750105488870597
275,526,1/4/2025,4.5620531199938466
275,527,5/12/2025,1.527849875996743
275,528,9/7/2025,1.527849875996743
275,529,10/23/2025,4.13496152200773
276,530,2/24/2025,6.110546872142951
276,531,6/27/2025,7.585610443496533
277,532,6/17/2025,6.110546872142951
277,533,11/4/2025,4.13496152200773
277,534,2/16/2025,0.5655691433557319
277,535,9/8/2025,1.2788575598439367
277,536,1/31/2025,7.37767479154014
278,537,8/14/2025,0.9204763477189215
278,538,7/13/2025,1.2788575598439367
278,539,1/8/2025,8.166381846899709
278,540,5/5/2025,4.13496152200773
279,541,5/16/2025,4.261427782362713
279,542,9/6/2025,6.121934208744397
280,543,2/18/2025,7.37767479154014
280,544,5/15/2025,0.9204763477189215
280,545,6/28/2025,0.9204763477189215
280,546,11/8/2025,8.166381846899709
281,547,2/4/2025,1.527849875996743
282,548,9/18/2025,8.166381846899709
282,549,1/13/2025,4.13496152200773
282,550,5/1/2025,0.5655691433557319
283,551,1/13/2025,4.261427782362713
283,552,12/27/2025,7.905606977937034
283,553,11/17/2025,9.750105488870597
283,554,2/5/2025,6.110546872142951
283,555,10/13/2025,9.750105488870597
284,556,9/27/2025,0.9204763477189215
284,557,5/26/2025,1.2788575598439367
284,558,7/9/2025,0.9204763477189215
285,559,6/4/2025,4.261427782362713
285,560,2/9/2025,9.750105488870597
285,561,5/27/2025,7.37767479154014
285,562,7/13/2025,7.905606977937034
285,563,6/7/2025,0.9204763477189215
286,564,5/28/2025,2.8268606936911986
286,565,3/9/2025,2.8268606936911986
286,566,1/19/2025,8.166381846899709
287,567,9/14/2025,6.121934208744397
287,568,7/18/2025,0.9204763477189215
287,569,11/11/2025,6.110546872142951
287,570,2/9/2025,2.8268606936911986
287,571,1/6/2025,7.585610443496533
288,572,11/5/2025,8.166381846899709
288,573,4/17/2025,4.5620531199938466
288,574,10/11/2025,1.2788575598439367
288,575,5/17/2025,4.5620531199938466
289,576,12/15/2025,1.2788575598439367
289,577,7/17/2025,7.585610443496533
289,578,2/8/2025,1.527849875996743
290,579,9/30/2025,1.527849875996743
290,580,6/15/2025,0.5655691433557319
290,581,1/23/2025,6.110546872142951
290,582,6/16/2025,6.121934208744397
290,583,12/16/2025,1.527849875996743
291,584,6/1/2025,9.750105488870597
291,585,8/1/2025,8.166381846899709
291,586,4/10/2025,1.2788575598439367
291,587,7/18/2025,4.13496152200773
291,588,6/17/2025,7.585610443496533
292,589,12/30/2025,7.585610443496533
293,590,8/4/2025,4.261427782362713
293,591,12/2/2025,8.166381846899709
293,592,1/9/2025,8.166381846899709
293,593,6/30/2025,4.5620531199938466
293,594,5/13/2025,7.585610443496533
294,595,12/30/2025,0.5655691433557319
294,596,9/14/2025,8.166381846899709
294,597,12/10/2025,0.9204763477189215
295,598,10/9/2025,4.261427782362713
296,599,3/23/2025,4.5620531199938466
296,600,3/17/2025,1.2788575598439367
296,601,12/24/2025,9.750105488870597
297,602,7/11/2025,4.13496152200773
297,603,5/3/2025,7.37767479154014
298,604,9/10/2025,1.527849875996743
298,605,7/1/2025,7.37767479154014
298,606,8/3/2025,0.5655691433557319
299,607,10/21/2025,0.5655691433557319
299,608,10/13/2025,8.166381846899709
299,609,8/12/2025,0.5655691433557319
299,610,10/25/2025,8.166381846899709
300,611,4/25/2025,4.13496152200773
300,612,10/22/2025,7.37767479154014
301,613,7/3/2025,7.905606977937034
301,614,5/31/2025,1.2788575598439367
301,615,2/13/2025,7.585610443496533
301,616,7/31/2025,6.110546872142951
302,617,1/2/2025,6.121934208744397
302,618,4/11/2025,1.2788575598439367
302,619,9/17/2025,4.5620531199938466
302,620,10/2/2025,7.37767479154014
303,621,3/10/2025,7.585610443496533
303,622,12/27/2025,6.110546872142951
304,623,12/22/2025,4.13496152200773
305,624,3/2/2025,2.8268606936911986
305,625,3/26/2025,6.110546872142951
305,626,10/14/2025,4.261427782362713
305,627,5/22/2025,7.37767479154014
305,628,2/11/2025,1.2788575598439367
306,629,5/30/2025,1.2788575598439367
306,630,5/3/2025,4.261427782362713
306,631,11/20/2025,4.261427782362713
306,632,11/22/2025,8.166381846899709
307,633,11/11/2025,4.13496152200773
307,634,3/26/2025,1.2788575598439367
308,635,4/15/2025,0.5655691433557319
308,636,11/29/2025,2.8268606936911986
308,637,9/4/2025,2.8268606936911986
308,638,9/13/2025,4.13496152200773
308,639,10/24/2025,1.527849875996743
309,640,11/15/2025,0.5655691433557319
309,641,12/13/2025,4.261427782362713
309,642,11/30/2025,9.750105488870597
310,643,5/18/2025,4.13496152200773
310,644,9/18/2025,6.110546872142951
311,645,6/11/2025,2.8268606936911986
311,646,6/19/2025,2.8268606936911986
311,647,2/3/2025,0.5655691433557319
312,648,2/8/2025,7.37767479154014
312,649,9/22/2025,2.8268606936911986
312,650,8/7/2025,7.37767479154014
312,651,6/5/2025,7.905606977937034
313,652,5/12/2025,6.121934208744397
313,653,8/1/2025,8.166381846899709
313,654,12/22/2025,0.9204763477189215
313,655,11/23/2025,7.37767479154014
313,656,3/17/2025,8.166381846899709
314,657,9/1/2025,2.8268606936911986
314,658,2/27/2025,1.2788575598439367
314,659,8/11/2025,0.9204763477189215
315,660,5/23/2025,2.8268606936911986
316,661,2/17/2025,6.110546872142951
316,662,6/3/2025,7.37767479154014
316,663,2/2/2025,0.5655691433557319
316,664,6/3/2025,6.110546872142951
317,665,6/8/2025,2.8268606936911986
317,666,12/26/2025,1.2788575598439367
317,667,6/1/2025,2.8268606936911986
317,668,6/30/2025,6.121934208744397
317,669,4/4/2025,6.121934208744397
318,670,5/31/2025,9.750105488870597
318,671,12/30/2025,7.37767479154014
319,672,1/1/2025,7.585610443496533
319,673,4/19/2025,8.166381846899709
319,674,6/28/2025,4.261427782362713
319,675,8/14/2025,2.8268606936911986
319,676,8/17/2025,4.13496152200773
320,677,1/20/2025,7.905606977937034
320,678,3/20/2025,6.121934208744397
321,679,12/19/2025,7.905606977937034
321,680,3/12/2025,7.37767479154014
321,681,11/1/2025,4.261427782362713
322,682,2/15/2025,6.110546872142951
323,683,12/8/2025,0.5655691433557319
324,684,1/24/2025,2.8268606936911986
324,685,9/11/2025,6.110546872142951
325,686,6/29/2025,2.8268606936911986
325,687,5/13/2025,2.8268606936911986
326,688,5/19/2025,0.5655691433557319
326,689,10/7/2025,4.13496152200773
326,690,3/10/2025,7.585610443496533
326,691,9/29/2025,8.166381846899709
327,692,12/2/2025,7.37767479154014
327,693,10/9/2025,8.166381846899709
328,694,2/13/2025,2.8268606936911986
328,695,3/3/2025,9.750105488870597
328,696,7/29/2025,8.166381846899709
329,697,5/17/2025,1.2788575598439367
329,698,3/25/2025,6.121934208744397
329,699,2/17/2025,0.9204763477189215
329,700,2/24/2025,1.2788575598439367
329,701,7/27/2025,8.166381846899709
330,702,3/25/2025,6.110546872142951
330,703,9/17/2025,8.166381846899709
331,704,6/14/2025,4.5620531199938466
331,705,2/8/2025,7.585610443496533
331,706,10/16/2025,4.261427782362713
331,707,12/4/2025,7.585610443496533
332,708,7/31/2025,4.261427782362713
332,709,9/27/2025,1.527849875996743
332,710,3/15/2025,2.8268606936911986
332,711,5/23/2025,7.905606977937034
333,712,3/23/2025,0.9204763477189215
333,713,11/25/2025,4.5620531199938466
333,714,6/10/2025,1.2788575598439367
333,715,1/26/2025,7.905606977937034
334,716,1/10/2025,4.13496152200773
334,717,8/18/2025,8.166381846899709
334,718,8/17/2025,7.905606977937034
335,719,1/8/2025,1.2788575598439367
335,720,2/18/2025,7.37767479154014
335,721,6/25/2025,9.750105488870597
335,722,5/27/2025,7.37767479154014
335,723,11/28/2025,4.5620531199938466
336,724,3/1/2025,7.905606977937034
336,725,2/24/2025,1.2788575598439367
336,726,2/25/2025,4.13496152200773
337,727,12/25/2025,2.8268606936911986
337,728,10/8/2025,7.905606977937034
337,729,1/25/2025,1.2788575598439367
338,730,11/22/2025,2.8268606936911986
338,731,9/14/2025,9.750105488870597
338,732,4/3/2025,4.13496152200773
338,733,10/11/2025,0.9204763477189215
338,734,4/5/2025,7.905606977937034
339,735,7/7/2025,1.2788575598439367
339,736,11/5/2025,1.2788575598439367
339,737,3/8/2025,0.9204763477189215
340,738,12/29/2025,4.5620531199938466
340,739,9/13/2025,7.905606977937034
341,740,4/2/2025,1.2788575598439367
341,741,7/7/2025,2.8268606936911986
341,742,5/30/2025,6.110546872142951
341,743,10/4/2025,0.9204763477189215
342,744,4/19/2025,7.585610443496533
342,745,1/11/2025,6.121934208744397
342,746,6/29/2025,2.8268606936911986
342,747,11/2/2025,7.905606977937034
342,748,5/2/2025,9.750105488870597
343,749,5/22/2025,1.527849875996743
343,750,6/11/2025,7.905606977937034
343,751,11/29/2025,7.905606977937034
343,752,1/20/2025,0.5655691433557319
343,753,4/13/2025,7.37767479154014
344,754,1/21/2025,4.5620531199938466
344,755,2/4/2025,7.585610443496533
344,756,11/26/2025,1.527849875996743
345,757,6/5/2025,9.750105488870597
345,758,3/19/2025,9.750105488870597
345,759,8/24/2025,0.5655691433557319
345,760,9/7/2025,7.905606977937034
346,761,7/13/2025,7.905606977937034
346,762,8/24/2025,4.261427782362713
346,763,8/13/2025,0.9204763477189215
346,764,7/28/2025,0.5655691433557319
346,765,6/21/2025,4.13496152200773
347,766,8/26/2025,6.121934208744397
347,767,4/4/2025,4.13496152200773
347,768,8/9/2025,0.5655691433557319
348,769,11/28/2025,1.2788575598439367
348,770,4/13/2025,4.261427782362713
348,771,6/27/2025,1.527849875996743
348,772,2/11/2025,1.527849875996743
348,773,2/23/2025,0.5655691433557319
349,774,3/10/2025,4.261427782362713
349,775,8/6/2025,7.37767479154014
350,776,3/30/2025,4.5620531199938466
350,777,4/24/2025,0.5655691433557319
350,778,2/13/2025,8.166381846899709
351,779,6/1/2025,7.905606977937034
351,780,5/17/2025,0.9204763477189215
351,781,7/30/2025,9.750105488870597
351,782,3/14/2025,0.9204763477189215
352,783,7/5/2025,4.13496152200773
353,784,3/17/2025,1.2788575598439367
353,785,7/8/2025,4.5620531199938466
354,786,11/13/2025,4.5620531199938466
354,787,9/13/2025,4.261427782362713
354,788,3/17/2025,9.750105488870597
354,789,4/2/2025,9.750105488870597
355,790,5/25/2025,1.527849875996743
356,791,8/21/2025,7.905606977937034
356,792,6/29/2025,9.750105488870597
356,793,2/14/2025,9.750105488870597
357,794,6/3/2025,4.261427782362713
357,795,10/29/2025,1.527849875996743
358,796,9/28/2025,6.110546872142951
358,797,4/17/2025,0.5655691433557319
358,798,7/28/2025,7.37767479154014
358,799,9/9/2025,4.5620531199938466
359,800,11/17/2025,7.585610443496533
359,801,6/5/2025,1.2788575598439367
360,802,1/16/2025,7.585610443496533
360,803,3/26/2025,4.5620531199938466
361,804,9/25/2025,2.8268606936911986
361,805,3/26/2025,4.13496152200773
361,806,6/9/2025,4.13496152200773
362,807,8/5/2025,9.750105488870597
362,808,7/12/2025,6.110546872142951
362,809,1/21/2025,8.166381846899709
362,810,11/16/2025,2.8268606936911986
363,811,11/1/2025,4.5620531199938466
363,812,11/3/2025,8.166381846899709
363,813,2/15/2025,4.5620531199938466
363,814,9/7/2025,6.110546872142951
363,815,8/23/2025,0.5655691433557319
364,816,10/9/2025,4.261427782362713
365,817,12/24/2025,0.9204763477189215
365,818,9/26/2025,0.9204763477189215
366,819,4/5/2025,9.750105488870597
366,820,2/23/2025,8.166381846899709
367,821,6/27/2025,4.13496152200773
367,822,8/13/2025,4.261427782362713
368,823,4/29/2025,7.37767479154014
368,824,2/12/2025,1.2788575598439367
368,825,3/5/2025,1.2788575598439367
368,826,1/31/2025,7.585610443496533
369,827,6/18/2025,7.905606977937034
369,828,1/18/2025,0.5655691433557319
369,829,9/16/2025,1.527849875996743
369,830,12/15/2025,1.527849875996743
370,831,2/17/2025,4.13496152200773
370,832,3/10/2025,6.110546872142951
370,833,12/12/2025,2.8268606936911986
370,834,3/23/2025,7.905606977937034
371,835,2/18/2025,4.5620531199938466
371,836,8/13/2025,4.5620531199938466
371,837,4/26/2025,4.13496152200773
371,838,11/12/2025,6.110546872142951
371,839,10/20/2025,9.750105488870597
372,840,2/24/2025,7.905606977937034
372,841,4/22/2025,6.121934208744397
372,842,10/28/2025,0.5655691433557319
372,843,3/31/2025,2.8268606936911986
373,844,2/25/2025,7.37767479154014
373,845,7/23/2025,4.13496152200773
373,846,4/9/2025,2.8268606936911986
373,847,2/8/2025,8.166381846899709
373,848,10/7/2025,1.2788575598439367
374,849,2/10/2025,9.750105488870597
374,850,3/17/2025,8.166381846899709
374,851,6/2/2025,8.166381846899709
375,852,4/16/2025,4.13496152200773
376,853,2/20/2025,7.905606977937034
376,854,5/23/2025,7.585610443496533
376,855,6/26/2025,4.13496152200773
377,856,9/9/2025,0.9204763477189215
377,857,10/4/2025,4.5620531199938466
377,858,9/30/2025,8.166381846899709
377,859,12/28/2025,8.166381846899709
377,860,8/19/2025,1.2788575598439367
378,861,9/6/2025,7.585610443496533
378,862,10/15/2025,0.9204763477189215
379,863,5/26/2025,4.5620531199938466
379,864,7/22/2025,0.5655691433557319
379,865,10/20/2025,0.5655691433557319
379,866,4/20/2025,1.2788575598439367
380,867,3/11/2025,7.585610443496533
380,868,5/29/2025,4.5620531199938466
380,869,11/29/2025,4.13496152200773
381,870,10/17/2025,0.5655691433557319
381,871,10/31/2025,9.750105488870597
381,872,2/3/2025,4.261427782362713
381,873,8/29/2025,1.2788575598439367
382,874,9/19/2025,1.2788575598439367
382,875,10/16/2025,4.261427782362713
382,876,1/18/2025,4.5620531199938466
383,877,3/11/2025,4.5620531199938466
384,878,1/22/2025,7.585610443496533
385,879,4/1/2025,8.166381846899709
385,880,2/12/2025,1.527849875996743
385,881,2/6/2025,4.13496152200773
386,882,4/2/2025,2.8268606936911986
386,883,6/13/2025,4.13496152200773
386,884,6/9/2025,0.9204763477189215
387,885,6/15/2025,7.585610443496533
388,886,6/22/2025,1.527849875996743
389,887,12/10/2025,4.261427782362713
389,888,5/6/2025,4.5620531199938466
389,889,9/2/2025,0.9204763477189215
390,890,10/10/2025,0.9204763477189215
390,891,7/6/2025,4.13496152200773
390,892,1/8/2025,9.750105488870597
390,893,1/2/2025,4.5620531199938466
390,894,9/25/2025,7.905606977937034
391,895,6/3/2025,7.585610443496533
391,896,1/9/2025,7.585610443496533
391,897,12/11/2025,6.110546872142951
392,898,2/4/2025,7.37767479154014
392,899,7/22/2025,7.585610443496533
392,900,4/5/2025,1.527849875996743
392,901,2/6/2025,6.121934208744397
392,902,3/8/2025,7.37767479154014
393,903,10/24/2025,4.261427782362713
393,904,10/7/2025,0.9204763477189215
393,905,7/15/2025,7.905606977937034
393,906,8/9/2025,0.5655691433557319
394,907,5/16/2025,4.5620531199938466
394,908,8/29/2025,6.110546872142951
394,909,11/8/2025,7.37767479154014
395,910,2/23/2025,6.121934208744397
395,911,2/17/2025,7.37767479154014
395,912,5/15/2025,0.5655691433557319
396,913,6/12/2025,4.5620531199938466
396,914,5/1/2025,7.37767479154014
397,915,9/30/2025,4.13496152200773
397,916,7/20/2025,1.2788575598439367
397,917,5/28/2025,8.166381846899709
397,918,11/23/2025,7.37767479154014
397,919,1/16/2025,6.121934208744397
398,920,1/23/2025,4.13496152200773
399,921,10/6/2025,6.110546872142951
399,922,12/29/2025,4.261427782362713
399,923,12/15/2025,4.13496152200773
399,924,10/20/2025,4.5620531199938466
400,925,6/23/2025,6.121934208744397
400,926,8/30/2025,1.527849875996743
400,927,6/19/2025,7.37767479154014
400,928,2/6/2025,7.905606977937034
401,929,7/18/2025,8.166381846899709
401,930,11/6/2025,6.121934208744397
401,931,1/25/2025,6.121934208744397
401,932,3/21/2025,7.37767479154014
401,933,5/2/2025,7.37767479154014
402,934,6/12/2025,0.9204763477189215
402,935,7/12/2025,1.527849875996743
402,936,11/7/2025,8.166381846899709
403,937,12/7/2025,4.5620531199938466
404,938,4/9/2025,9.750105488870597
404,939,3/17/2025,4.261427782362713
404,940,4/7/2025,6.110546872142951
404,941,4/1/2025,0.9204763477189215
404,942,1/7/2025,6.110546872142951
405,943,11/10/2025,7.905606977937034
405,944,4/15/2025,1.2788575598439367
405,945,3/14/2025,1.2788575598439367
405,946,10/5/2025,1.527849875996743
405,947,11/20/2025,1.527849875996743
406,948,2/2/2025,9.750105488870597
406,949,8/31/2025,8.166381846899709
407,950,8/7/2025,1.527849875996743
407,951,2/14/2025,7.37767479154014
407,952,9/9/2025,4.5620531199938466
408,953,8/29/2025,2.8268606936911986
408,954,5/25/2025,1.2788575598439367
409,955,4/26/2025,4.13496152200773
409,956,1/21/2025,1.527849875996743
410,957,6/4/2025,6.110546872142951
410,958,6/15/2025,4.261427782362713
410,959,5/31/2025,0.9204763477189215
410,960,12/26/2025,1.2788575598439367
411,961,11/9/2025,1.2788575598439367
412,962,1/22/2025,7.905606977937034
413,963,9/7/2025,8.166381846899709
413,964,12/23/2025,1.2788575598439367
413,965,1/2/2025,4.261427782362713
413,966,1/13/2025,1.2788575598439367
413,967,12/29/2025,6.110546872142951
414,968,12/15/2025,2.8268606936911986
414,969,9/27/2025,4.261427782362713
414,970,10/27/2025,7.37767479154014
414,971,11/23/2025,6.121934208744397
415,972,4/16/2025,7.585610443496533
416,973,11/11/2025,7.37767479154014
416,974,10/13/2025,6.110546872142951
416,975,7/19/2025,6.110546872142951
416,976,6/19/2025,7.585610443496533
417,977,10/31/2025,8.166381846899709
417,978,9/1/2025,7.905606977937034
417,979,11/5/2025,1.527849875996743
417,980,7/4/2025,7.905606977937034
418,981,10/8/2025,9.750105488870597
418,982,5/11/2025,4.261427782362713
418,983,5/23/2025,4.13496152200773
418,984,6/30/2025,7.585610443496533
418,985,3/26/2025,2.8268606936911986
419,986,5/30/2025,9.750105488870597
419,987,2/21/2025,1.527849875996743
419,988,10/28/2025,6.121934208744397
420,989,2/24/2025,9.750105488870597
421,990,3/14/2025,7.585610443496533
422,991,2/23/2025,2.8268606936911986
422,992,12/28/2025,6.110546872142951
422,993,9/12/2025,8.166381846899709
422,994,6/15/2025,6.110546872142951
422,995,2/5/2025,7.37767479154014
423,996,9/1/2025,0.9204763477189215
423,997,10/14/2025,1.2788575598439367
424,998,7/6/2025,4.5620531199938466
424,999,8/28/2025,7.585610443496533
424,1000,4/2/2025,1.2788575598439367
424,1001,8/29/2025,0.9204763477189215
425,1002,10/13/2025,0.9204763477189215
425,1003,7/6/2025,0.9204763477189215
426,1004,4/23/2025,7.37767479154014
426,1005,12/29/2025,7.905606977937034
426,1006,2/22/2025,9.750105488870597
426,1007,12/18/2025,7.905606977937034
427,1008,1/22/2025,4.5620531199938466
428,1009,11/10/2025,6.110546872142951
428,1010,11/15/2025,6.121934208744397
428,1011,12/29/2025,4.13496152200773
428,1012,12/17/2025,7.37767479154014
429,1013,1/31/2025,0.5655691433557319
430,1014,9/13/2025,4.13496152200773
430,1015,8/28/2025,2.8268606936911986
430,1016,11/2/2025,4.13496152200773
430,1017,1/11/2025,7.37767479154014
430,1018,6/8/2025,6.110546872142951
431,1019,1/9/2025,7.37767479154014
432,1020,11/13/2025,0.5655691433557319
432,1021,3/4/2025,0.9204763477189215
432,1022,3/10/2025,4.261427782362713
433,1023,3/28/2025,4.261427782362713
433,1024,9/21/2025,4.5620531199938466
433,1025,7/23/2025,6.121934208744397
433,1026,3/27/2025,8.166381846899709
433,1027,11/13/2025,7.37767479154014
434,1028,11/5/2025,7.905606977937034
434,1029,11/1/2025,6.110546872142951
434,1030,4/14/2025,6.110546872142951
434,1031,11/17/2025,7.585610443496533
434,1032,6/1/2025,0.9204763477189215
435,1033,9/18/2025,7.905606977937034
435,1034,8/8/2025,7.37767479154014
435,1035,5/8/2025,0.5655691433557319
436,1036,3/24/2025,1.2788575598439367
436,1037,11/24/2025,4.5620531199938466
437,1038,11/4/2025,2.8268606936911986
438,1039,2/28/2025,1.527849875996743
438,1040,6/3/2025,6.121934208744397
438,1041,6/18/2025,6.110546872142951
439,1042,2/1/2025,1.527849875996743
439,1043,4/3/2025,2.8268606936911986
439,1044,12/2/2025,7.905606977937034
440,1045,5/8/2025,7.905606977937034
440,1046,7/21/2025,4.261427782362713
441,1047,11/15/2025,9.750105488870597
441,1048,2/8/2025,4.13496152200773
442,1049,9/29/2025,9.750105488870597
442,1050,12/29/2025,1.2788575598439367
443,1051,6/18/2025,4.13496152200773
443,1052,12/9/2025,7.37767479154014
443,1053,4/16/2025,4.261427782362713
444,1054,10/26/2025,4.5620531199938466
444,1055,4/26/2025,2.8268606936911986
444,1056,10/1/2025,4.261427782362713
444,1057,2/1/2025,7.37767479154014
444,1058,11/23/2025,7.37767479154014
445,1059,8/27/2025,2.8268606936911986
446,1060,10/7/2025,2.8268606936911986
446,1061,8/3/2025,7.905606977937034
447,1062,3/28/2025,7.585610443496533
447,1063,12/9/2025,7.905606977937034
448,1064,2/2/2025,4.261427782362713
448,1065,4/25/2025,1.527849875996743
448,1066,1/6/2025,4.5620531199938466
448,1067,12/14/2025,6.121934208744397
448,1068,7/14/2025,8.166381846899709
449,1069,12/2/2025,6.110546872142951
449,1070,5/2/2025,0.5655691433557319
450,1071,10/19/2025,7.37767479154014
450,1072,2/3/2025,9.750105488870597
450,1073,8/4/2025,1.527849875996743
450,1074,4/22/2025,1.527849875996743
451,1075,5/1/2025,6.110546872142951
451,1076,8/9/2025,0.5655691433557319
451,1077,9/11/2025,6.121934208744397
452,1078,1/29/2025,7.905606977937034
453,1079,4/5/2025,7.585610443496533
454,1080,8/28/2025,6.110546872142951
454,1081,9/20/2025,0.5655691433557319
454,1082,8/18/2025,9.750105488870597
454,1083,4/30/2025,6.110546872142951
455,1084,10/10/2025,6.110546872142951
455,1085,4/7/2025,7.37767479154014
456,1086,11/7/2025,7.37767479154014
456,1087,7/5/2025,9.750105488870597
456,1088,7/30/2025,4.261427782362713
457,1089,7/10/2025,0.5655691433557319
457,1090,1/4/2025,6.110546872142951
457,1091,9/14/2025,4.261427782362713
458,1092,5/1/2025,6.121934208744397
459,1093,7/21/2025,1.527849875996743
459,1094,9/3/2025,4.261427782362713
459,1095,10/2/2025,9.750105488870597
460,1096,2/1/2025,4.5620531199938466
460,1097,11/22/2025,9.750105488870597
460,1098,1/9/2025,6.110546872142951
461,1099,8/17/2025,0.5655691433557319
462,1100,6/1/2025,4.13496152200773
462,1101,8/30/2025,4.5620531199938466
462,1102,5/26/2025,2.8268606936911986
463,1103,12/4/2025,4.261427782362713
464,1104,3/22/2025,8.166381846899709
465,1105,1/29/2025,7.37767479154014
465,1106,4/20/2025,1.2788575598439367
465,1107,1/9/2025,7.905606977937034
466,1108,4/10/2025,6.110546872142951
466,1109,11/29/2025,1.2788575598439367
466,1110,5/31/2025,7.585610443496533
466,1111,5/16/2025,6.110546872142951
466,1112,10/31/2025,1.2788575598439367
467,1113,5/19/2025,6.121934208744397
467,1114,9/25/2025,7.585610443496533
467,1115,9/30/2025,0.5655691433557319
468,1116,6/7/2025,4.5620531199938466
468,1117,12/16/2025,7.585610443496533
468,1118,3/26/2025,1.527849875996743
468,1119,6/19/2025,6.110546872142951
469,1120,10/22/2025,1.527849875996743
469,1121,5/12/2025,1.2788575598439367
470,1122,10/21/2025,7.905606977937034
470,1123,1/10/2025,8.166381846899709
470,1124,9/6/2025,1.2788575598439367
470,1125,2/23/2025,4.5620531199938466
470,1126,7/28/2025,7.905606977937034
471,1127,9/24/2025,7.37767479154014
471,1128,7/25/2025,1.2788575598439367
472,1129,8/15/2025,9.750105488870597
472,1130,7/29/2025,6.110546872142951
472,1131,6/8/2025,7.37767479154014
472,1132,5/28/2025,0.9204763477189215
472,1133,8/18/2025,9.750105488870597
473,1134,11/15/2025,7.37767479154014
474,1135,9/7/2025,8.166381846899709
474,1136,5/29/2025,8.166381846899709
474,1137,10/25/2025,7.905606977937034
474,1138,5/3/2025,7.585610443496533
474,1139,3/26/2025,6.121934208744397
475,1140,3/7/2025,1.527849875996743
475,1141,5/2/2025,1.2788575598439367
475,1142,5/10/2025,1.2788575598439367
475,1143,11/25/2025,1.527849875996743
476,1144,6/28/2025,7.905606977937034
476,1145,2/11/2025,7.585610443496533
476,1146,2/4/2025,7.585610443496533
476,1147,9/27/2025,4.5620531199938466
477,1148,5/18/2025,0.5655691433557319
477,1149,3/19/2025,0.5655691433557319
478,1150,5/10/2025,7.905606977937034
478,1151,5/9/2025,7.905606977937034
478,1152,3/31/2025,7.37767479154014
478,1153,9/4/2025,6.110546872142951
479,1154,9/8/2025,4.5620531199938466
479,1155,11/23/2025,6.121934208744397
479,1156,1/11/2025,4.13496152200773
480,1157,2/25/2025,6.110546872142951
481,1158,9/11/2025,0.5655691433557319
481,1159,11/11/2025,1.527849875996743
481,1160,12/18/2025,2.8268606936911986
482,1161,12/19/2025,6.121934208744397
482,1162,2/3/2025,4.5620531199938466
483,1163,3/23/2025,1.2788575598439367
484,1164,2/15/2025,0.9204763477189215
484,1165,12/11/2025,7.905606977937034
485,1166,5/16/2025,1.2788575598439367
485,1167,8/10/2025,7.585610443496533
485,1168,11/6/2025,7.37767479154014
485,1169,11/22/2025,4.261427782362713
485,1170,2/14/2025,6.121934208744397
486,1171,3/29/2025,1.527849875996743
487,1172,3/31/2025,2.8268606936911986
487,1173,11/30/2025,1.527849875996743
487,1174,8/14/2025,4.5620531199938466
488,1175,9/3/2025,4.13496152200773
488,1176,11/1/2025,7.37767479154014
488,1177,11/10/2025,1.527849875996743
488,1178,12/3/2025,4.13496152200773
488,1179,2/12/2025,6.110546872142951
489,1180,2/8/2025,4.13496152200773
489,1181,12/8/2025,1.527849875996743
489,1182,8/17/2025,0.9204763477189215
490,1183,6/13/2025,7.905606977937034
490,1184,5/21/2025,1.527849875996743
490,1185,4/21/2025,6.110546872142951
490,1186,6/12/2025,4.5620531199938466
491,1187,3/8/2025,0.9204763477189215
491,1188,4/1/2025,4.5620531199938466
491,1189,9/3/2025,0.5655691433557319
491,1190,6/1/2025,6.110546872142951
491,1191,12/25/2025,6.110546872142951
492,1192,1/27/2025,1.527849875996743
492,1193,10/27/2025,7.585610443496533
493,1194,1/12/2025,6.110546872142951
493,1195,8/7/2025,6.121934208744397
493,1196,11/27/2025,8.166381846899709
493,1197,11/30/2025,1.527849875996743
494,1198,6/26/2025,0.5655691433557319
494,1199,5/28/2025,1.2788575598439367
494,1200,1/16/2025,4.261427782362713
494,1201,6/12/2025,4.5620531199938466
495,1202,2/9/2025,7.37767479154014
495,1203,9/29/2025,7.905606977937034
495,1204,1/21/2025,0.9204763477189215
495,1205,1/24/2025,7.905606977937034
495,1206,9/2/2025,9.750105488870597
496,1207,6/2/2025,0.5655691433557319
496,1208,12/9/2025,1.527849875996743
496,1209,10/18/2025,2.8268606936911986
496,1210,4/12/2025,4.13496152200773
496,1211,3/22/2025,7.37767479154014
497,1212,1/16/2025,0.5655691433557319
497,1213,3/7/2025,0.5655691433557319
497,1214,6/5/2025,6.121934208744397
498,1215,8/5/2025,4.5620531199938466
498,1216,10/2/2025,0.9204763477189215
498,1217,6/18/2025,1.527849875996743
499,1218,6/15/2025,7.585610443496533
499,1219,9/25/2025,1.2788575598439367
499,1220,12/15/2025,7.37767479154014
499,1221,11/13/2025,7.37767479154014
